Include On Export,Export Containing Keywords,Export Synonyms,Person Type Keyword,
Y,Y,Y,N,1
Y,Y,Y,N,75th
Y,Y,Y,N,2022
Y,Y,Y,N,2023
Y,Y,Y,N,2024
Y,Y,Y,N,2026
Y,Y,Y,N,abby
Y,Y,Y,N,abby tori
Y,Y,Y,N,amanda freeman
Y,Y,Y,N,Apostle Island Cruise
Y,Y,Y,N,Apostle Islands
Y,Y,Y,N,April
Y,Y,Y,N,arch
Y,Y,Y,N,arkansas
Y,Y,Y,N,Baggage
Y,Y,Y,N,band
Y,Y,Y,N,Banquet
Y,Y,Y,N,Baseball
Y,Y,Y,N,Basketball
Y,Y,Y,N,bju
Y,Y,Y,N,boats
Y,Y,Y,N,camp chetek
Y,Y,Y,N,Canton Days
Y,Y,Y,N,catalina
Y,Y,Y,N,Catalina Nationals
Y,Y,Y,N,CC
Y,Y,Y,N,chess
Y,Y,Y,N,Chior
Y,Y,Y,N,church
Y,Y,Y,N,client
Y,Y,Y,N,concer
Y,Y,Y,N,constructed
Y,Y,Y,N,Cross Country
Y,Y,Y,N,drama
Y,Y,Y,N,Dylan and Emily Wedding
Y,Y,Y,N,easter
Y,Y,Y,N,eric
Y,Y,Y,N,event
Y,Y,Y,N,fair
Y,Y,Y,N,family
Y,Y,Y,N,FCHS
Y,Y,Y,N,Febuary
Y,Y,Y,N,FIRST
Y,Y,Y,N,football
Y,Y,Y,N,formalism
Y,Y,Y,N,GBB
Y,Y,Y,N,great grandma
Y,Y,Y,N,ICO
Y,Y,Y,N,January
Y,Y,Y,N,Jr
Y,Y,Y,N,Judy
Y,Y,Y,N,Junior 1
Y,Y,Y,N,kites
Y,Y,Y,N,Lake City
Y,Y,Y,N,landscape
Y,Y,Y,N,layla
Y,Y,Y,N,laylay
Y,Y,Y,N,lenz
Y,Y,Y,N,logo
Y,Y,Y,N,MBA
Y,Y,Y,Y,Mom
Y,Y,Y,N,mutton busting
Y,Y,Y,Y,Nann
Y,Y,Y,Y,Nanna
Y,Y,Y,N,Naomi + Anton
Y,Y,Y,N,Northern Lights
Y,Y,Y,N,October
Y,Y,Y,N,Odctober
Y,Y,Y,N,old
Y,Y,Y,N,One Act
Y,Y,Y,N,oneact
Y,Y,Y,N,personal
Y,Y,Y,N,persoonal
Y,Y,Y,N,pho 301
Y,Y,Y,N,Pine Island
Y,Y,Y,N,play
Y,Y,Y,N,portrait
Y,Y,Y,N,prom
Y,Y,Y,N,qwinton
Y,Y,Y,N,qwinton tripp
Y,Y,Y,N,racing
Y,Y,Y,N,robot
Y,Y,Y,N,robotics
Y,Y,Y,N,rochester
Y,Y,Y,N,rochesterd
Y,Y,Y,N,rochesterdd
Y,Y,Y,N,sailing
Y,Y,Y,N,santa
Y,Y,Y,N,Saturday
Y,Y,Y,N,scan
Y,Y,Y,N,scanned print
Y,Y,Y,N,scanned printd
Y,Y,Y,N,senior pictures
Y,Y,Y,N,sports
Y,Y,Y,N,St.Louis
Y,Y,Y,N,state competition
Y,Y,Y,N,summer
Y,Y,Y,N,sunday
Y,Y,Y,N,symbolism
Y,Y,Y,N,team
Y,Y,Y,N,teknights
Y,Y,Y,N,thanksgiving
Y,Y,Y,N,thanksgivingg
Y,Y,Y,N,tori
Y,Y,Y,N,trip
Y,Y,Y,N,US Bank Stadium
Y,Y,Y,N,Valentine
Y,Y,Y,N,vbs
Y,Y,Y,N,VBS 2022
Y,Y,Y,N,vbs 2023
Y,Y,Y,N,Volleyball
Y,Y,Y,N,Wedding
Y,Y,Y,N,Weddingd
Y,Y,Y,N,wingert
Y,Y,Y,N,winter
Y,Y,Y,N,yearbook
